{
  "width": 516,
  "height": 476,
  "cx": [
    [ "EPARGNE", 72 ],
    [ "EPARGNECOMMUN", 240 ],
    [ "TRANSACTION", 428 ],
    [ "COMPTE_COMMUN", 240 ],
    [ "EFFECTUECOMMUN", 428 ],
    [ "PARTAGE", 240 ],
    [ "UTILISATEUR", 428 ]
  ],
  "cy": [
    [ "EPARGNE", 81 ],
    [ "EPARGNECOMMUN", 81 ],
    [ "TRANSACTION", 81 ],
    [ "COMPTE_COMMUN", 233 ],
    [ "EFFECTUECOMMUN", 233 ],
    [ "PARTAGE", 377 ],
    [ "UTILISATEUR", 377 ]
  ],
  "shift": [
    [ "EPARGNECOMMUN,COMPTE_COMMUN,0", 0 ],
    [ "EPARGNECOMMUN,EPARGNE,0", 0 ],
    [ "EFFECTUECOMMUN,COMPTE_COMMUN,0", 0 ],
    [ "EFFECTUECOMMUN,TRANSACTION,0", 0 ],
    [ "PARTAGE,UTILISATEUR,0", 0 ],
    [ "PARTAGE,COMPTE_COMMUN,0", 0 ]
  ],
  "ratio": []
}
